{"cameraMode":{"drawMode":0,"name":"Shaded","section":"Shading Mode"},"sceneLighting":false,"audioPlay":false,"sceneViewState":{"showFog":true,"showMaterialUpdate":false,"showSkybox":true,"showFlares":true,"showImageEffects":true,"showParticleSystems":true},"in2DMode":false,"pivot":{"x":1.2277631759643555,"y":3.73769474029541,"z":-10.79050064086914},"rotation":{"x":-0.16874516010284425,"y":-0.5038420557975769,"z":0.10109814256429672,"w":-0.8411180377006531},"size":7.754696369171143,"orthographic":false}